<?xml version="1.0" encoding="UTF-8"?>
<window>
    <defaultcontrol always="true">20</defaultcontrol>
    <onload>Dialog.Close(fullscreeninfo,true)</onload>
    <onload>Dialog.Close(videoosd,true)</onload>
    <controls>
        <control type="group">
            <top>0</top>
            <right>0</right>
            <width>100%</width>
            <animation type="WindowOpen" reversible="false">
                <effect type="fade" start="0" end="100" time="400" />
                <effect type="slide" start="115,0" end="0,0" time="400" />
            </animation>
            <animation type="WindowClose" reversible="false">
                <effect type="fade" start="100" end="0" time="300" />
                <effect type="slide" start="0,0" end="115,0" time="300" />
            </animation>
            <control type="grouplist" id="20">
                <orientation>horizontal</orientation>
                <top>15</top>
                <height>40</height>
                <itemgap>0</itemgap>
                <align>right</align>
                <control type="button" id="3012">
                    <label>$INFO[Window.Property(title)] - $INFO[Window.Property(ep_title)] | $INFO[Player.TimeRemaining(secs),,]</label>
                    <height>40</height>
                    <width min="50">auto</width>
                    <font>font30_title</font>
                    <textoffsetx>20</textoffsetx>
                    <textcolor>80FFFFFF</textcolor>
                    <focusedcolor>FFFFFFFF</focusedcolor>
                    <selectedcolor>80FFFFFF</selectedcolor>
                    <shadowcolor>22000000</shadowcolor>
                    <aligny>center</aligny>
                    <align>center</align>
                    <texturefocus border="10" colordiffuse="88232323">white.png</texturefocus>
                    <texturenofocus border="10" colordiffuse="88232323">white.png</texturenofocus>
                    <pulseonselect>no</pulseonselect>
                </control>
                <control type="button" id="3013">
                    <label>$ADDON[plugin.video.kod  60396]</label>
                    <height>40</height>
                    <width min="50">auto</width>
                    <font>font30_title</font>
                    <textoffsetx>20</textoffsetx>
                    <textcolor>80FFFFFF</textcolor>
                    <focusedcolor>FFFFFFFF</focusedcolor>
                    <selectedcolor>80FFFFFF</selectedcolor>
                    <shadowcolor>22000000</shadowcolor>
                    <aligny>center</aligny>
                    <align>center</align>
                    <texturefocus border="10" colordiffuse="88232323">white.png</texturefocus>
                    <texturenofocus border="10" colordiffuse="88232323">white.png</texturenofocus>
                    <pulseonselect>no</pulseonselect>
                </control>
                    <control type="image">
                    <top>0</top>
                    <width>30</width>
                    <height>40</height>
                    <texture colordiffuse="88232323">white.png</texture>
                </control>
            </control>
        </control>
    </controls>
</window>