<?xml version='1.0' encoding='utf-8'?>
<window>
    <allowoverlays>false</allowoverlays>
    <defaultcontrol>11</defaultcontrol>
    <animation type='WindowOpen' reversible='false'>
        <effect type='zoom' start='80' end='100' center='640,225' delay='160' tween='back' time='240' />
        <effect type='fade' delay='160' end='100' time='240' />
    </animation>
    <animation type='WindowClose' reversible='false'>
        <effect type='zoom' start='100' end='80' center='640,225' easing='in' tween='back' time='240' />
        <effect type='fade' start='100' end='0' time='240' />
    </animation>
    <controls>
        <control type='group'>
            <top>40</top>
            <left>398</left>
            <width>484</width>
            <height>640</height>
            <control type='image'>
                <width>100%</width>
                <height>100%</height>
                <texture colordiffuse='FF232323'>white.png</texture>
            </control>
            <control type='image' id='12'>
                <description>Main Captcha Image</description>
                <top>90</top>
                <left>20</left>
                <width>444</width>
                <height>444</height>
            </control>
            <control type='label' id='10'>
                <top>20</top>
                <left>20</left>
                <height>60</height>
                <width>444</width>
                <font>font13</font>
                <textcolor>FFFFFFFF</textcolor>
                <wrapmultiline>true</wrapmultiline>
                <align>center</align>
                <aligny>center</aligny>
                <label></label>
            </control>
            <control type='panel' id='11'>
                <left>20</left>
                <top>90</top>
                <ondown>21</ondown>
                <itemlayout height='148' width='148' condition='Integer.IsEqual(Container(11).NumItems, 9)'>
                    <control type='image'>
                        <description>Override Image</description>
                        <width>100%</width>
                        <height>100%</height>
                        <texture>$INFO[ListItem.Art(image)]</texture>
                    </control>
                    <control type='image'>
                        <description>Focused</description>
                        <width>100%</width>
                        <height>100%</height>
                        <texture colordiffuse='FFFFFFFF' border='2'>selection.png</texture>
                    </control>
                    <control type='image'>
                        <visible>!String.IsEmpty(ListItem.Label)</visible>
                        <description>Hide Image</description>
                        <width>100%</width>
                        <height>100%</height>
                        <texture colordiffuse='88000000'>white.png</texture>
                    </control>
                    <control type='label'>
                        <description>Remaining Time</description>
                        <width>100%</width>
                        <height>100%</height>
                        <font>font13</font>
                        <textcolor>FFFFFFFF</textcolor>
                        <label>[B]$INFO[Listitem.Label][/B]</label>
                        <aligny>center</aligny>
                        <align>center</align>
                    </control>
                    <control type='image'>
                        <visible>String.IsEqual(ListItem.Property(selected), true)</visible>
                        <description>Selected Image</description>
                        <width>100%</width>
                        <height>100%</height>
                        <texture>Controls/check_mark.png</texture>
                    </control>
                </itemlayout>
                <itemlayout height='111' width='111'>
                    <control type='image'>
                        <description>Override Image</description>
                        <width>100%</width>
                        <height>100%</height>
                        <texture>$INFO[ListItem.Art(image)]</texture>
                    </control>
                    <control type='image'>
                        <description>Focused</description>
                        <width>100%</width>
                        <height>100%</height>
                        <texture colordiffuse='FFFFFFFF' border='2'>selection.png</texture>
                    </control>
                    <control type='image'>
                        <visible>!String.IsEmpty(ListItem.Label)</visible>
                        <description>Hide Image</description>
                        <width>100%</width>
                        <height>100%</height>
                        <texture colordiffuse='88000000'>white.png</texture>
                    </control>
                    <control type='label'>
                        <description>Remaining Time</description>
                        <width>100%</width>
                        <height>100%</height>
                        <font>font13</font>
                        <textcolor>FFFFFFFF</textcolor>
                        <label>[B]$INFO[Listitem.Label][/B]</label>
                        <aligny>center</aligny>
                        <align>center</align>
                    </control>
                    <control type='image'>
                        <visible>String.IsEqual(ListItem.Property(selected), true)</visible>
                        <description>Selected Image</description>
                        <width>100%</width>
                        <height>100%</height>
                        <texture>Controls/check_mark.png</texture>
                    </control>
                </itemlayout>
                <focusedlayout height='148' width='148' condition='Integer.IsEqual(Container(11).NumItems, 9)'>
                    <control type='image'>
                        <description>Override Image</description>
                        <width>100%</width>
                        <height>100%</height>
                        <texture>$INFO[ListItem.Art(image)]</texture>
                    </control>
                    <control type='image'>
                        <description>Focused</description>
                        <width>100%</width>
                        <height>100%</height>
                        <texture colordiffuse='FF0082C2' border='2'>selection.png</texture>
                    </control>
                    <control type='image'>
                        <description>Focused</description>
                        <width>100%</width>
                        <height>100%</height>
                        <texture colordiffuse='550082C2'>white.png</texture>
                    </control>
                    <control type='image'>
                        <visible>!String.IsEmpty(ListItem.Label)</visible>
                        <description>Hide Image</description>
                        <width>100%</width>
                        <height>100%</height>
                        <texture colordiffuse='88000000'>white.png</texture>
                    </control>
                    <control type='label'>
                        <description>Remaining Time</description>
                        <width>100%</width>
                        <height>100%</height>
                        <font>font13</font>
                        <textcolor>FFFFFFFF</textcolor>
                        <label>[B]$INFO[Listitem.Label][/B]</label>
                        <aligny>center</aligny>
                        <align>center</align>
                    </control>
                    <control type='image'>
                        <visible>String.IsEqual(ListItem.Property(selected), true)</visible>
                        <description>Selected Image</description>
                        <width>100%</width>
                        <height>100%</height>
                        <texture>Controls/check_mark.png</texture>
                    </control>
                </focusedlayout>
                <focusedlayout height='111' width='111'>
                    <control type='image'>
                        <description>Override Image</description>
                        <width>100%</width>
                        <height>100%</height>
                        <texture>$INFO[ListItem.Art(image)]</texture>
                    </control>
                    <control type='image'>
                        <description>Focused</description>
                        <width>100%</width>
                        <height>100%</height>
                        <texture colordiffuse='880082C2' border='2'>selection.png</texture>
                    </control>
                    <control type='image'>
                        <description>Focused</description>
                        <width>100%</width>
                        <height>100%</height>
                        <texture colordiffuse='550082C2'>white.png</texture>
                    </control>
                    <control type='image'>
                        <visible>!String.IsEmpty(ListItem.Label)</visible>
                        <description>Hide Image</description>
                        <width>100%</width>
                        <height>100%</height>
                        <texture colordiffuse='88000000'>white.png</texture>
                    </control>
                    <control type='label'>
                        <description>Remaining Time</description>
                        <width>100%</width>
                        <height>100%</height>
                        <font>font13</font>
                        <textcolor>FFFFFFFF</textcolor>
                        <label>[B]$INFO[Listitem.Label][/B]</label>
                        <aligny>center</aligny>
                        <align>center</align>
                    </control>
                    <control type='image'>
                        <visible>String.IsEqual(ListItem.Property(selected), true)</visible>
                        <description>Selected Image</description>
                        <width>100%</width>
                        <height>100%</height>
                        <texture>Controls/check_mark.png</texture>
                    </control>
                </focusedlayout>
            </control>
            <control type='grouplist'>
                <top>565</top>
                <left>20</left>
                <orientation>horizontal</orientation>
                <control type='button' id='21'>
                    <width>222</width>
                    <height>50</height>
                    <onup>11</onup>
                    <textwidth>110</textwidth>
                    <textcolor>FFFFFFFF</textcolor>
                    <focusedcolor>FFFFFFFF</focusedcolor>
                    <texturefocus colordiffuse='FF0082C2'>white.png</texturefocus>
                    <texturenofocus colordiffuse='000082C2'>white.png</texturenofocus>
                    <align>center</align>
                    <aligny>center</aligny>
                    <label>$ADDON[plugin.video.kod 70007]</label>
                </control>
                <control type='button' id='22'>
                    <width>222</width>
                    <height>50</height>
                    <onup>11</onup>
                    <textwidth>110</textwidth>
                    <textcolor>FFFFFFFF</textcolor>
                    <focusedcolor>FFFFFFFF</focusedcolor>
                    <texturefocus colordiffuse='FF0082C2'>white.png</texturefocus>
                    <texturenofocus colordiffuse='000082C2'>white.png</texturenofocus>
                    <align>center</align>
                    <aligny>center</aligny>
                    <label>$ADDON[plugin.video.kod 707433]</label>
                </control>
            </control>
        </control>
    </controls>
</window>